{"modelTopology":{"class_name":"Sequential","config":{"name":"sequential_1","layers":[{"class_name":"Dense","config":{"units":350,"activation":"sigmoid","use_bias":true,"kernel_initializer":{"class_name":"VarianceScaling","config":{"scale":1,"mode":"fan_avg","distribution":"normal","seed":null}},"bias_initializer":{"class_name":"Zeros","config":{}},"kernel_regularizer":null,"bias_regularizer":null,"activity_regularizer":null,"kernel_constraint":null,"bias_constraint":null,"name":"dense_Dense1","trainable":true,"batch_input_shape":[null,5],"dtype":"float32"}},{"class_name":"Dense","config":{"units":350,"activation":"sigmoid","use_bias":true,"kernel_initializer":{"class_name":"VarianceScaling","config":{"scale":1,"mode":"fan_avg","distribution":"normal","seed":null}},"bias_initializer":{"class_name":"Zeros","config":{}},"kernel_regularizer":null,"bias_regularizer":null,"activity_regularizer":null,"kernel_constraint":null,"bias_constraint":null,"name":"dense_Dense2","trainable":true}},{"class_name":"Dense","config":{"units":350,"activation":"sigmoid","use_bias":true,"kernel_initializer":{"class_name":"VarianceScaling","config":{"scale":1,"mode":"fan_avg","distribution":"normal","seed":null}},"bias_initializer":{"class_name":"Zeros","config":{}},"kernel_regularizer":null,"bias_regularizer":null,"activity_regularizer":null,"kernel_constraint":null,"bias_constraint":null,"name":"dense_Dense3","trainable":true}},{"class_name":"Dense","config":{"units":20,"activation":"sigmoid","use_bias":true,"kernel_initializer":{"class_name":"VarianceScaling","config":{"scale":1,"mode":"fan_avg","distribution":"normal","seed":null}},"bias_initializer":{"class_name":"Zeros","config":{}},"kernel_regularizer":null,"bias_regularizer":null,"activity_regularizer":null,"kernel_constraint":null,"bias_constraint":null,"name":"dense_Dense4","trainable":true}}]},"keras_version":"tfjs-layers 1.5.1","backend":"tensor_flow.js"},"weightsManifest":[{"paths":["weights.bin"],"weights":[{"name":"dense_Dense1/kernel","shape":[5,350],"dtype":"float32"},{"name":"dense_Dense1/bias","shape":[350],"dtype":"float32"},{"name":"dense_Dense2/kernel","shape":[350,350],"dtype":"float32"},{"name":"dense_Dense2/bias","shape":[350],"dtype":"float32"},{"name":"dense_Dense3/kernel","shape":[350,350],"dtype":"float32"},{"name":"dense_Dense3/bias","shape":[350],"dtype":"float32"},{"name":"dense_Dense4/kernel","shape":[350,20],"dtype":"float32"},{"name":"dense_Dense4/bias","shape":[20],"dtype":"float32"}]}],"format":"layers-model","generatedBy":"TensorFlow.js tfjs-layers v1.5.1","convertedBy":null}